description,amount,category,date,vendor,photos,notes,projectId,updated_by,isPaid,createdByName,updatedByName,id,created_date,updated_date,created_by_id,created_by,is_sample
"Total paid is 26k made some payments through card. ","20000","Μηχανικός / Engineer","2024-07-04","Μιχάλης παλιός","[]","","69555e98d46caee42e803882","","true","jimdoukakis","jimdoukakis","695a982c9e0e9aa5ed5a555a","2026-01-04T16:41:16.243000","2026-01-04T16:41:16.243000","69549a260e8041a98ad0d0ed","jimdoukakis@gmail.com","false"
"Concrete payment","819","Εργομπετόν / Concrete Supply","2024-12-13","Τουρνάς","[]","","69555e98d46caee42e803882","","true","jimdoukakis","jimdoukakis","6959dd6dc6ca4bc27a0892e3","2026-01-04T03:24:29.035000","2026-01-04T03:24:29.035000","69549a260e8041a98ad0d0ed","jimdoukakis@gmail.com","false"
"Test Item","100.5","Materials","2026-01-04","Test Vendor","[]","Test notes","test-project-123","","false","jimdoukakis","jimdoukakis","6959b07577c461c758371b05","2026-01-04T00:12:37.820000","2026-01-04T00:12:37.820000","69549a260e8041a98ad0d0ed","jimdoukakis@gmail.com","false"
"Michalis Palios  Last payment for contract  of 26k","4200","Μηχανικός / Engineer","2024-12-19","Μιχάλης παλιός","[]","","69555e98d46caee42e803882","jimdoukakis@gmail.com","true","jimdoukakis","jimdoukakis","6959ad2e538f867da5ac646d","2026-01-03T23:58:38.600000","2026-01-04T00:26:11.237000","69549a260e8041a98ad0d0ed","jimdoukakis@gmail.com","false"
"Τουρνάς  Σίδερα Τουρνάς  Partial payment of 4407.84 of  6761.00 owed.  Deposit to bank   Balance was 6761 sent them 4407.84 by mistake and paid balance of 2353.16 to bank","4407.34","Τουρνάς / Building Supply","2024-12-16","Τουρνάς","[]","","69555e98d46caee42e803882","jimdoukakis@gmail.com","true","jimdoukakis","jimdoukakis","6959ad2e538f867da5ac646e","2026-01-03T23:58:38.600000","2026-01-04T00:28:09.262000","69549a260e8041a98ad0d0ed","jimdoukakis@gmail.com","false"
"Τουρνάς σίδερα μαύρα Deposit to card","2892.09","Τουρνάς / Building Supply","2024-12-12","Τουρνάς","[]","Black","69555e98d46caee42e803882","jimdoukakis@gmail.com","true","jimdoukakis","jimdoukakis","6959ad2e538f867da5ac646f","2026-01-03T23:58:38.600000","2026-01-04T00:27:44.413000","69549a260e8041a98ad0d0ed","jimdoukakis@gmail.com","false"
"Μπετά  μαύρα Deposit to card","819","Εργομπετόν / Concrete Supply","2024-12-11","Εργομπετόν","[]","Cash","69555e98d46caee42e803882","jimdoukakis@gmail.com","true","jimdoukakis","jimdoukakis","6959ad2e538f867da5ac6470","2026-01-03T23:58:38.600000","2026-01-04T00:41:35.669000","69549a260e8041a98ad0d0ed","jimdoukakis@gmail.com","false"
"Μπετά  τσιμέντα  στην τράπεζα  Deposit to bank","4408","Εργομπετόν / Concrete Supply","2024-12-11","Εργομπετόν","[]","","69555e98d46caee42e803882","jimdoukakis@gmail.com","true","jimdoukakis","jimdoukakis","6959ad2e538f867da5ac6471","2026-01-03T23:58:38.600000","2026-01-04T00:41:45.537000","69549a260e8041a98ad0d0ed","jimdoukakis@gmail.com","false"
"Τουρνάς Balance was 6761 sent them 4407.84 by mistake and paid balance of 2353.16 to bank  Deposit to bank","2353.16","Τουρνάς / Building Supply","2024-12-11","Τουρνάς","[]","","69555e98d46caee42e803882","jimdoukakis@gmail.com","true","jimdoukakis","jimdoukakis","6959ad2e538f867da5ac6472","2026-01-03T23:58:38.600000","2026-01-04T00:41:13.926000","69549a260e8041a98ad0d0ed","jimdoukakis@gmail.com","false"
"Γιώργο  Μπαζώματα και φτιάξιμο του δρόμου","1350","Χωματουργικά / Dirt Work","2024-12-07","Γιώργος Λητινάκης","[]","","69555e98d46caee42e803882","jimdoukakis@gmail.com","true","jimdoukakis","jimdoukakis","6959ad2e538f867da5ac6473","2026-01-03T23:58:38.600000","2026-01-04T00:42:04.221000","69549a260e8041a98ad0d0ed","jimdoukakis@gmail.com","false"
"Τούβλα εργάτης  Πληρωμή για τους εργάτες","2000","Τούβλα εργάτες / Brick Labor","2024-11-26","Νεκτάριος Μαρκουλάκης","[]","","69555e98d46caee42e803882","jimdoukakis@gmail.com","true","jimdoukakis","jimdoukakis","6959ad2e538f867da5ac6474","2026-01-03T23:58:38.600000","2026-01-04T03:19:36.915000","69549a260e8041a98ad0d0ed","jimdoukakis@gmail.com","false"
"Μανώλης We were short on calculations so we paid him this. Originally it was 3350 but paid him 2030 but we are good now","1320","Μπετά Εργάτες / Concrete Labor","2024-11-07","Μανώλης Μπουζούριενακις","[]","","69555e98d46caee42e803882","jimdoukakis@gmail.com","true","jimdoukakis","jimdoukakis","6959ad2e538f867da5ac6475","2026-01-03T23:58:38.600000","2026-01-04T00:32:16.097000","69549a260e8041a98ad0d0ed","jimdoukakis@gmail.com","false"
"Σιδεράς Εργάτης cash","420","Σιδερας / Metal Work","2024-11-04","Εργάτες σίδερα","[]","","69555e98d46caee42e803882","jimdoukakis@gmail.com","true","jimdoukakis","jimdoukakis","6959ad2e538f867da5ac6476","2026-01-03T23:58:38.600000","2026-01-04T00:48:38.987000","69549a260e8041a98ad0d0ed","jimdoukakis@gmail.com","false"
"Μανώλης εργάτες 10-4-24 Τήριο ένα κολώνες ορόφου κτιρίου δύο πλάκα ισογείου","2030","Μπετά Εργάτες / Concrete Labor","2024-11-05","Μανώλης Μπουζούριενακις","[]","","69555e98d46caee42e803882","jimdoukakis@gmail.com","true","jimdoukakis","jimdoukakis","6959ad2e538f867da5ac6477","2026-01-03T23:58:38.600000","2026-01-04T00:34:50.664000","69549a260e8041a98ad0d0ed","jimdoukakis@gmail.com","false"
"Μόνωση τοιχίων","1700","Μπετά Εργάτες / Concrete Labor","2024-11-05","Μόνωση","[]","","69555e98d46caee42e803882","jimdoukakis@gmail.com","true","jimdoukakis","jimdoukakis","6959ad2e538f867da5ac6478","2026-01-03T23:58:38.600000","2026-01-04T00:36:16.021000","69549a260e8041a98ad0d0ed","jimdoukakis@gmail.com","false"
"Total payment for workers contributions 093205457551781627843019020192","3523.12","ΕΦΚΑ","2024-11-05","ΕΦΚΑ","[]","","69555e98d46caee42e803882","jimdoukakis@gmail.com","true","jimdoukakis","jimdoukakis","6959ad2e538f867da5ac6479","2026-01-03T23:58:38.600000","2026-01-04T00:36:41.978000","69549a260e8041a98ad0d0ed","jimdoukakis@gmail.com","false"
"Employer contributions RF 59917768932054575500301","66.27","ΤΕΚΑ","2024-11-05","ΤΕΚΑ","[]","","69555e98d46caee42e803882","jimdoukakis@gmail.com","true","jimdoukakis","jimdoukakis","6959ad2e538f867da5ac647a","2026-01-03T23:58:38.600000","2026-01-04T00:37:02.452000","69549a260e8041a98ad0d0ed","jimdoukakis@gmail.com","false"
"Σιδεράς Εργάτης cash","540","Σιδερας / Metal Work","2024-10-27","Σιδεράς","[]","Cash","69555e98d46caee42e803882","jimdoukakis@gmail.com","true","jimdoukakis","jimdoukakis","6959ad2e538f867da5ac647b","2026-01-03T23:58:38.600000","2026-01-04T03:04:46.177000","69549a260e8041a98ad0d0ed","jimdoukakis@gmail.com","false"
"Μανώλης  Κύριο ένα Ισόγειο Κολώνες και πάτωμα","3455","Μπετά Εργάτες / Concrete Labor","2024-10-28","Μανώλης Μπουζούριενακις","[]","","69555e98d46caee42e803882","jimdoukakis@gmail.com","true","jimdoukakis","jimdoukakis","6959ad2e538f867da5ac647c","2026-01-03T23:58:38.600000","2026-01-04T00:38:05.576000","69549a260e8041a98ad0d0ed","jimdoukakis@gmail.com","false"
"Μπετά Μαύρα","2785","Εργομπετόν / Concrete Supply","2024-10-27","Εργομπετόν","[]","Black","69555e98d46caee42e803882","jimdoukakis@gmail.com","true","jimdoukakis","jimdoukakis","6959ad2e538f867da5ac647d","2026-01-03T23:58:38.600000","2026-01-04T00:43:36.451000","69549a260e8041a98ad0d0ed","jimdoukakis@gmail.com","false"
"Τράπεζα 10-8-2024","9163.7","Εργομπετόν / Concrete Supply","2024-10-28","Εργομπετόν","[]","","69555e98d46caee42e803882","jimdoukakis@gmail.com","true","jimdoukakis","jimdoukakis","6959ad2e538f867da5ac647e","2026-01-03T23:58:38.600000","2026-01-04T00:39:18.503000","69549a260e8041a98ad0d0ed","jimdoukakis@gmail.com","false"
"Τουρνάς  Τράπεζα σίδερα","7657.11","Τουρνάς / Building Supply","2024-10-27","Τουρνάς","[]","","69555e98d46caee42e803882","jimdoukakis@gmail.com","true","jimdoukakis","jimdoukakis","6959ad2e538f867da5ac647f","2026-01-03T23:58:38.600000","2026-01-04T00:44:00.568000","69549a260e8041a98ad0d0ed","jimdoukakis@gmail.com","false"
"Τουρνάς  Σίδερα 9/19/24.  2323.31 10/1/24.   1631.60 Μαύρα","3954.91","Τουρνάς / Building Supply","2024-10-03","Τουρνάς","[]","","69555e98d46caee42e803882","jimdoukakis@gmail.com","true","jimdoukakis","jimdoukakis","6959ad2e538f867da5ac6480","2026-01-03T23:58:38.600000","2026-01-04T00:40:51.706000","69549a260e8041a98ad0d0ed","jimdoukakis@gmail.com","false"
"Μαύρα","530","Σιδερας / Metal Work","2024-10-02","Σιδεράς","[]","Black","69555e98d46caee42e803882","jimdoukakis@gmail.com","true","jimdoukakis","jimdoukakis","6959ad2e538f867da5ac6481","2026-01-03T23:58:38.600000","2026-01-04T00:48:24.821000","69549a260e8041a98ad0d0ed","jimdoukakis@gmail.com","false"
"Εφκα για τους εργολάβους","123.92","ΕΦΚΑ","2024-09-29","ΕΦΚΑ","[]","","69555e98d46caee42e803882","jimdoukakis@gmail.com","true","jimdoukakis","jimdoukakis","6959ad2e538f867da5ac6482","2026-01-03T23:58:38.600000","2026-01-04T00:44:44.329000","69549a260e8041a98ad0d0ed","jimdoukakis@gmail.com","false"
"Μιχάλης παλιός  2000 από έξι που χρωστάνε Οικοδομική άδεια","2000","Μηχανικός / Engineer","2024-09-25","Μιχάλης παλιός","[]","Cash","69555e98d46caee42e803882","jimdoukakis@gmail.com","true","jimdoukakis","jimdoukakis","6959ad2e538f867da5ac6483","2026-01-03T23:58:38.600000","2026-01-04T00:45:50.981000","69549a260e8041a98ad0d0ed","jimdoukakis@gmail.com","false"
"Πλάκα στο μεγάλο και κολώνες στο μικρό","750","Σιδερας / Metal Work","2024-09-20","Σιδεράς","[]","Cash","69555e98d46caee42e803882","jimdoukakis@gmail.com","true","jimdoukakis","jimdoukakis","6959ad2e538f867da5ac6484","2026-01-03T23:58:38.600000","2026-01-04T00:46:47.775000","69549a260e8041a98ad0d0ed","jimdoukakis@gmail.com","false"
"ο ελεγκτής δομησης","248","Ελεγκτής / Inspector","2024-09-08","Ελεγκτής","[]","","69555e98d46caee42e803882","jimdoukakis@gmail.com","true","jimdoukakis","jimdoukakis","6959ad2e538f867da5ac6485","2026-01-03T23:58:38.600000","2026-01-04T00:57:51.359000","69549a260e8041a98ad0d0ed","jimdoukakis@gmail.com","false"
"σιδερά 340€ για να τον  εφοφλησουμε","340","Σιδερας / Metal Work","2024-09-09","Σιδεράς","[]","Cash","69555e98d46caee42e803882","jimdoukakis@gmail.com","true","jimdoukakis","jimdoukakis","6959ad2e538f867da5ac6486","2026-01-03T23:58:38.600000","2026-01-04T00:49:17.237000","69549a260e8041a98ad0d0ed","jimdoukakis@gmail.com","false"
"6-13-2024 Μπετά καθαριότητας 8-8-2024 το πρώτο ρίξιμο","13767","Εργομπετόν / Concrete Supply","2024-09-09","Εργομπετόν","[]","","69555e98d46caee42e803882","jimdoukakis@gmail.com","true","jimdoukakis","jimdoukakis","6959ad2e538f867da5ac6487","2026-01-03T23:58:38.600000","2026-01-04T00:50:12.375000","69549a260e8041a98ad0d0ed","jimdoukakis@gmail.com","false"
"Πληρωμής μπeta μαύρα","2550","Εργομπετόν / Concrete Supply","2024-08-26","Εργομπετόν","[]","Cash","69555e98d46caee42e803882","jimdoukakis@gmail.com","true","jimdoukakis","jimdoukakis","6959ad2e538f867da5ac6488","2026-01-03T23:58:38.600000","2026-01-04T00:58:29.236000","69549a260e8041a98ad0d0ed","jimdoukakis@gmail.com","false"
"Ellada Mouratidi","1240","Δικηγόρος / Lawyer","2024-08-01","Ελλάδα Μουρατίδη ","[]","","69555e98d46caee42e803882","jimdoukakis@gmail.com","true","jimdoukakis","jimdoukakis","6959ad2e538f867da5ac6489","2026-01-03T23:58:38.600000","2026-01-04T00:59:09.098000","69549a260e8041a98ad0d0ed","jimdoukakis@gmail.com","false"
"κατάθεση για χωματουργικές εργασίες. θα πάρει πίσω τα χρήματα στο τέλος του έργου CC","127.98","Εφορία","2024-07-30","Εφορία","[]","","69555e98d46caee42e803882","jimdoukakis@gmail.com","true","jimdoukakis","jimdoukakis","6959ad2e538f867da5ac648a","2026-01-03T23:58:38.600000","2026-01-04T00:51:19.518000","69549a260e8041a98ad0d0ed","jimdoukakis@gmail.com","false"
"Δύο φορτηγά χαλίκι και φτιάξιμο της ράμπας κι έναν εργάτη να καθαρίσει το δρόμο","500","Φτιάξιμο ράμπας","2024-07-30","Γιώργος Λητινάκης","[]","","69555e98d46caee42e803882","jimdoukakis@gmail.com","true","jimdoukakis","jimdoukakis","6959ad2e538f867da5ac648b","2026-01-03T23:58:38.600000","2026-01-04T01:00:26.872000","69549a260e8041a98ad0d0ed","jimdoukakis@gmail.com","false"
"ηλεκτρολόγος για γείωση 170000 Μετρητά στο Μιχάλη για να τα δώσει 1000 για τον ηλεκτρολόγο και 700 για τον τοπογράφο","1000","Ηλεκτρολόγος / Electrician","2024-07-25","Εμανουέλ Λαμπρινακις","[]","","69555e98d46caee42e803882","jimdoukakis@gmail.com","true","jimdoukakis","jimdoukakis","6959ad2e538f867da5ac648c","2026-01-03T23:58:38.600000","2026-01-04T01:01:51.666000","69549a260e8041a98ad0d0ed","jimdoukakis@gmail.com","false"
"Τοπογράφος για τα περιφερειακά και τα σπίτια","700","Τοπογράφος / Topography","2024-07-25","Τοπογράφος","[]","","69555e98d46caee42e803882","jimdoukakis@gmail.com","true","jimdoukakis","jimdoukakis","6959ad2e538f867da5ac648d","2026-01-03T23:58:38.600000","2026-01-04T00:57:23.717000","69549a260e8041a98ad0d0ed","jimdoukakis@gmail.com","false"
"Πληρωμή του εργατι για σίδερα Μετρητά","2000","Σιδερας / Metal Work","2024-07-24","Σιδεράς","[]","Cash","69555e98d46caee42e803882","jimdoukakis@gmail.com","true","jimdoukakis","jimdoukakis","6959ad2e538f867da5ac648e","2026-01-03T23:58:38.600000","2026-01-04T00:56:05.443000","69549a260e8041a98ad0d0ed","jimdoukakis@gmail.com","false"
"Σιδεράς Τουρνάς Μιχάλης Μετρητά","6820","Τουρνάς / Building Supply","2024-07-24","Τουρνάς","[]","Cash","69555e98d46caee42e803882","jimdoukakis@gmail.com","true","jimdoukakis","jimdoukakis","6959ad2e538f867da5ac648f","2026-01-03T23:58:38.600000","2026-01-04T00:55:25.619000","69549a260e8041a98ad0d0ed","jimdoukakis@gmail.com","false"
"Σίδερα στην κάρτα United business","9422.21","Τουρνάς / Building Supply","2024-07-24","Τουρνάς","[]","","69555e98d46caee42e803882","jimdoukakis@gmail.com","true","jimdoukakis","jimdoukakis","6959ad2e538f867da5ac6490","2026-01-03T23:58:38.600000","2026-01-04T00:54:51.200000","69549a260e8041a98ad0d0ed","jimdoukakis@gmail.com","false"
"Γιώργος Σκάψιμο δύο οικοδομής","4080","Χωματουργικά / Dirt Work","2024-06-24","Γιώργος Λητινάκης","[]","","69555e98d46caee42e803882","jimdoukakis@gmail.com","true","jimdoukakis","jimdoukakis","6959ad2e538f867da5ac6491","2026-01-03T23:58:38.600000","2026-01-04T00:54:17.562000","69549a260e8041a98ad0d0ed","jimdoukakis@gmail.com","false"
"Πληρωμή στο Γιώργο για το χωράφι νερό","700","Χωράφι νερό","2024-05-22","Γιώργος Λητινάκης","[]","","69555e98d46caee42e803882","jimdoukakis@gmail.com","true","jimdoukakis","jimdoukakis","6959ad2e538f867da5ac6492","2026-01-03T23:58:38.600000","2026-01-04T00:53:49.186000","69549a260e8041a98ad0d0ed","jimdoukakis@gmail.com","false"
"Υπόλοιπο καθάρισμα του Μιχάλη ο φίλος Μετρητά","1500","Χωματουργικά / Dirt Work","2024-03-05","Λάμπρος Κωνσταντουδάκης","[]","","69555e98d46caee42e803882","jimdoukakis@gmail.com","true","jimdoukakis","jimdoukakis","6959ad2e538f867da5ac6493","2026-01-03T23:58:38.600000","2026-01-04T00:52:20.649000","69549a260e8041a98ad0d0ed","jimdoukakis@gmail.com","false"
"Ένα τεστ γυψοσανίδες","500","Γυψοσανίδες / Sheetrock","2026-01-01","Κοστας","[]","Τεστ","6957138336dd10bf5d1e9ca1","333bairi@gmail.com","false","333bairi","333bairi","695843549d6acf1e6d426b79","2026-01-02T22:14:44.773000","2026-01-02T23:31:07.491000","69573d9d808fd57b0d8275a7","333bairi@gmail.com","false"
"Πλακάκια για κουζίνα","100","ΑΚΡΟΝ Store","2025-12-31","Ακρον","[""https://base44.app/api/apps/69549a260e8041a98ad0d0ec/files/public/69549a260e8041a98ad0d0ec/74e2618a5_IMG_3241.jpeg""]","Πήραμε πλακάκια για την κουζίνα για το μικρό σπίτι","6957138336dd10bf5d1e9ca1","jimdoukakis@gmail.com","true","jimdoukakis","jimdoukakis","695718973a21c907e94a0863","2026-01-02T01:00:07.339000","2026-01-03T04:05:05.213000","69549a260e8041a98ad0d0ed","jimdoukakis@gmail.com","false"
"Test ","8","Materials","2025-12-31","Lexi ","[]","","695567a780641406fd66bd71","","true","","","695567d36a26594b0c4f2b9d","2025-12-31T18:13:39.221000","2026-01-02T00:16:56.225000","anonymous","anonymous","false"
"Partial payment of $400 from 2640 to pay for fuel and workers to george sent in Revolut","400","Χωματουργικά / Dirt Work","2025-03-09","Γιώργος Λητινάκης","[]","","69555e98d46caee42e803882","","true","jimdoukakis","","69554e674d1ef930deb815d4","2025-12-31T16:25:11.202000","2026-01-02T23:31:07.771000","69549a260e8041a98ad0d0ed","jimdoukakis@gmail.com","false"
"Τουβλάκια γυψοσανίδες θερμό πρόσοψη","1400","Εργάτες τούβλα / Brick labor","2025-03-02","Νεκτάριος Μαρκουλάκης","[]","","69555e98d46caee42e803882","jimdoukakis@gmail.com","true","jimdoukakis","jimdoukakis","69554e674d1ef930deb815d5","2025-12-31T16:25:11.202000","2026-01-04T03:18:42.919000","69549a260e8041a98ad0d0ed","jimdoukakis@gmail.com","false"
"Εργάτες για πέτα για το Μανώλη","4600","Μπετά Εργάτες / Concrete Labor","2025-02-03","Μανώλης Μπουζούριενάκης","[]","","69555e98d46caee42e803882","jimdoukakis@gmail.com","true","jimdoukakis","jimdoukakis","69554e674d1ef930deb815d6","2025-12-31T16:25:11.202000","2026-01-04T03:02:59.130000","69549a260e8041a98ad0d0ed","jimdoukakis@gmail.com","false"
"Τουρνάς μαύρα","1347","Τουρνάς / Building Supply","2025-01-30","Τουρνάς","[]","","69555e98d46caee42e803882","jimdoukakis@gmail.com","true","jimdoukakis","jimdoukakis","69554e674d1ef930deb815d7","2025-12-31T16:25:11.202000","2026-01-04T01:03:27.442000","69549a260e8041a98ad0d0ed","jimdoukakis@gmail.com","false"
"Workers benefits","930.82","ΕΦΚΑ","2025-01-31 12:00:00","ΕΦΚΑ","[]","","69555e98d46caee42e803882","","true","jimdoukakis","","69554e674d1ef930deb815d8","2025-12-31T16:25:11.202000","2026-01-02T23:31:08.506000","69549a260e8041a98ad0d0ed","jimdoukakis@gmail.com","false"
"Workers insurance","100","ΕΦΚΑ","2025-01-31 12:00:00","ΕΦΚΑ","[]","","69555e98d46caee42e803882","","true","jimdoukakis","","69554e674d1ef930deb815d9","2025-12-31T16:25:11.202000","2026-01-02T23:31:08.669000","69549a260e8041a98ad0d0ed","jimdoukakis@gmail.com","false"
"Workers insurance","2594.8","ΕΦΚΑ","2025-01-31 12:00:00","ΕΦΚΑ","[]","","69555e98d46caee42e803882","","true","jimdoukakis","","69554e674d1ef930deb815da","2025-12-31T16:25:11.202000","2026-01-02T23:31:08.880000","69549a260e8041a98ad0d0ed","jimdoukakis@gmail.com","false"
"Σιδεράς","1050","Σιδερας / Metal Work","2025-01-20","Πέτρος Βακαρος","[]","Cash","69555e98d46caee42e803882","","true","jimdoukakis","","69554e674d1ef930deb815db","2025-12-31T16:25:11.202000","2026-01-02T23:31:09.013000","69549a260e8041a98ad0d0ed","jimdoukakis@gmail.com","false"
"Clean property and clear olive trees","470","Χωματουργικά / Dirt Work","2024-03-04","Γιώργος Λητινάκης","[]","Cash","69555e98d46caee42e803882","","true","jimdoukakis","","69554e674d1ef930deb815dd","2025-12-31T16:25:11.202000","2026-01-02T23:31:09.280000","69549a260e8041a98ad0d0ed","jimdoukakis@gmail.com","false"
"Νεκτάριος Δύο πεντάκοσια για το Νεκτάριο μαύρα","2500","Θέρμο πρόσοψη / Insulation","2025-12-30","Νεκτάριος","[]","","69555e98d46caee42e803882","","true","jimdoukakis","","69554e674d1ef930deb81598","2025-12-31T16:25:11.201000","2026-01-02T23:31:09.517000","69549a260e8041a98ad0d0ed","jimdoukakis@gmail.com","false"
"Michalis commission 3k paid 6κ of 30κ cash through  card","3000","10% commission","2025-12-25","Παλιός Μιχάλης","[]","Second payment ","69555e98d46caee42e803882","jimdoukakis@gmail.com","true","jimdoukakis","jimdoukakis","69554e674d1ef930deb81599","2025-12-31T16:25:11.201000","2026-01-02T23:31:10.292000","69549a260e8041a98ad0d0ed","jimdoukakis@gmail.com","false"
"Electrician for small and big home","4340","Ηλεκτρολόγος / Electrician","2025-12-28","Λαμπρίνακης Εμμάνουελ","[]","","69555e98d46caee42e803882","jimdoukakis@gmail.com","true","jimdoukakis","jimdoukakis","69554e674d1ef930deb8159a","2025-12-31T16:25:11.201000","2026-01-03T23:39:32.990000","69549a260e8041a98ad0d0ed","jimdoukakis@gmail.com","false"
"Χωματουργικά dirt work for small house and large home black","3000","Χωματουργικά / Dirt Work","2025-12-23 12:00:00","Λάμπρος Κωνσταντουδάκης","[]","","69555e98d46caee42e803882","","true","jimdoukakis","","69554e674d1ef930deb8159b","2025-12-31T16:25:11.201000","2026-01-02T23:31:10.557000","69549a260e8041a98ad0d0ed","jimdoukakis@gmail.com","false"
"Remainder of Akron for the year","363.24","ΑΚΡΟΝ Store","2025-12-20 12:00:00","Akron","[]","","69555e98d46caee42e803882","","true","jimdoukakis","","69554e674d1ef930deb8159c","2025-12-31T16:25:11.201000","2026-01-02T23:31:10.739000","69549a260e8041a98ad0d0ed","jimdoukakis@gmail.com","false"
"Γυψοσανίδες","1500","Γυψοσανίδες / Sheetrock","2025-12-19","Κώστας","[]","","69555e98d46caee42e803882","","true","jimdoukakis","","69554e674d1ef930deb8159d","2025-12-31T16:25:11.201000","2026-01-02T23:31:10.932000","69549a260e8041a98ad0d0ed","jimdoukakis@gmail.com","false"
"Paid for some extra bath stuff and kitchen","6000","ΑΚΡΟΝ Store","2025-12-17 12:00:00","Akron","[]","","69555e98d46caee42e803882","","true","jimdoukakis","","69554e674d1ef930deb8159e","2025-12-31T16:25:11.201000","2026-01-02T23:31:11.075000","69549a260e8041a98ad0d0ed","jimdoukakis@gmail.com","false"
"￼Wiring for doors and a/c","1116.56","Κλιματιστικά / Air-Conditioning","2025-12-12 12:00:00","Kostaridakis","[]","","69555e98d46caee42e803882","","true","jimdoukakis","","69554e674d1ef930deb8159f","2025-12-31T16:25:11.201000","2026-01-02T23:31:11.208000","69549a260e8041a98ad0d0ed","jimdoukakis@gmail.com","false"
"Turnas supplier","7299.94","Τουρνάς / Building Supply","2025-12-06 12:00:00","Tournas","[]","","69555e98d46caee42e803882","","true","jimdoukakis","","69554e674d1ef930deb815a0","2025-12-31T16:25:11.201000","2026-01-02T23:31:11.343000","69549a260e8041a98ad0d0ed","jimdoukakis@gmail.com","false"
"Electrical supply and fixtures for small house","1328.91","Ηλεκτρολογικό / Electrical Supply","2025-11-10 12:00:00","Arch + Light","[]","","69555e98d46caee42e803882","","true","jimdoukakis","","69554e674d1ef930deb815a1","2025-12-31T16:25:11.201000","2026-01-02T23:31:12.960000","69549a260e8041a98ad0d0ed","jimdoukakis@gmail.com","false"
"Concrete walls, backyard","3113.64","Εργομπετόν / Concrete Supply","2025-11-08 12:00:00","Εργομπετόν","[]","","69555e98d46caee42e803882","","true","jimdoukakis","","69554e674d1ef930deb815a2","2025-12-31T16:25:11.201000","2026-01-02T23:31:13.438000","69549a260e8041a98ad0d0ed","jimdoukakis@gmail.com","false"
"Θέρμο πρόσοψη μικρό σπίτι","2500","Θέρμο πρόσοψη / Insulation","2025-11-03 12:00:00","Νεκτάριος","[]","","69555e98d46caee42e803882","","true","jimdoukakis","","69554e674d1ef930deb815a3","2025-12-31T16:25:11.201000","2026-01-02T23:31:13.576000","69549a260e8041a98ad0d0ed","jimdoukakis@gmail.com","false"
"Rebar work for walls for backyard small house","550","Σιδερας / Metal Work","2025-11-03","Σιδερας εργάτης","[]","Cash
","69555e98d46caee42e803882","","true","jimdoukakis","","69554e674d1ef930deb815a4","2025-12-31T16:25:11.201000","2026-01-02T23:31:13.727000","69549a260e8041a98ad0d0ed","jimdoukakis@gmail.com","false"
"Υδραυλικός για μεγάλο σπίτι","3500","Υδραυλικός / Plumbers","2025-10-25 12:00:00","Κουτσουκλάκης Ιωάννης","[]","","69555e98d46caee42e803882","","true","jimdoukakis","","69554e674d1ef930deb815a5","2025-12-31T16:25:11.201000","2026-01-02T23:31:13.896000","69549a260e8041a98ad0d0ed","jimdoukakis@gmail.com","false"
"Metal frames for outside of wall small house","1178","Σιδερας / Metal Work","2025-10-25 12:00:00","Palios Construction","[]","","69555e98d46caee42e803882","","true","jimdoukakis","","69554e674d1ef930deb815a6","2025-12-31T16:25:11.201000","2026-01-02T23:31:14.019000","69549a260e8041a98ad0d0ed","jimdoukakis@gmail.com","false"
"Πλακάκια για το μικρό σπίτι μαύρα","1000","Πλακατζής / Tile labor","2025-10-25 12:00:00","Πλακάκια","[]","","69555e98d46caee42e803882","","true","jimdoukakis","","69554e674d1ef930deb815a7","2025-12-31T16:25:11.201000","2026-01-02T23:31:14.144000","69549a260e8041a98ad0d0ed","jimdoukakis@gmail.com","false"
"Τούβλα για ταράτσες και το μεγάλο σπίτι","900","Εργάτες τούβλα / Brick labor","2025-10-25","Νεκτάριος Μαρκουλάκης","[]","","69555e98d46caee42e803882","jimdoukakis@gmail.com","true","jimdoukakis","jimdoukakis","69554e674d1ef930deb815a8","2025-12-31T16:25:11.201000","2026-01-04T03:19:19.829000","69549a260e8041a98ad0d0ed","jimdoukakis@gmail.com","false"
"Γυψοσανίδες για το μικρό σπίτι έξω","2500","Γυψοσανίδες / Sheetrock","2025-10-25","Κώστας","[]","","69555e98d46caee42e803882","","true","jimdoukakis","","69554e674d1ef930deb815a9","2025-12-31T16:25:11.201000","2026-01-02T23:31:14.527000","69549a260e8041a98ad0d0ed","jimdoukakis@gmail.com","false"
"Μάρμαρα για παράθυρα","407.51","Tile","2025-10-23 12:00:00","ΛYMΠINAKHE/MINOTAKHΣ","[]","","69555e98d46caee42e803882","","true","jimdoukakis","","69554e674d1ef930deb815aa","2025-12-31T16:25:11.201000","2026-01-02T23:31:14.779000","69549a260e8041a98ad0d0ed","jimdoukakis@gmail.com","false"
"Wood stairs for small house","1275.1","Ξυλουργικά Wood work","2025-10-18 12:00:00","ΦΡΑΓΚΙΑΔΑΚΗΣ wood stairs","[]","","69555e98d46caee42e803882","","true","jimdoukakis","","69554e674d1ef930deb815ab","2025-12-31T16:25:11.201000","2026-01-02T23:31:14.942000","69549a260e8041a98ad0d0ed","jimdoukakis@gmail.com","false"
"Deposits for thermal for big house","15500","Κλιματιστικά / Air-Conditioning","2025-10-15","Kretatherm","[]","","69555e98d46caee42e803882","","true","jimdoukakis","","69554e674d1ef930deb815ac","2025-12-31T16:25:11.201000","2026-01-02T23:31:15.093000","69549a260e8041a98ad0d0ed","jimdoukakis@gmail.com","false"
"Tournas supplies bill received 10-10-25","8289.15","Τουρνάς / Building Supply","2025-10-10","Τουρνάς","[]","","69555e98d46caee42e803882","","true","jimdoukakis","","69554e674d1ef930deb815ad","2025-12-31T16:25:11.201000","2026-01-02T23:31:15.219000","69549a260e8041a98ad0d0ed","jimdoukakis@gmail.com","false"
"Concrete","3298.4","Εργομπετόν / Concrete Supply","2025-10-03","Εργομπετόν","[]","","69555e98d46caee42e803882","","true","jimdoukakis","","69554e674d1ef930deb815ae","2025-12-31T16:25:11.201000","2026-01-02T23:31:15.342000","69549a260e8041a98ad0d0ed","jimdoukakis@gmail.com","false"
"Glass frame inserted in concrete for decks","2622.66","Υιαλι / Glass","2025-10-03","Υαλι Εμπορικών","[]","","69555e98d46caee42e803882","","true","jimdoukakis","","69554e674d1ef930deb815af","2025-12-31T16:25:11.201000","2026-01-02T23:31:15.474000","69549a260e8041a98ad0d0ed","jimdoukakis@gmail.com","false"
"Sheetrock work on small home","500","Γυψοσανίδες / Sheetrock","2025-09-13","Λουράκης Κώστας","[]","","69555e98d46caee42e803882","","true","jimdoukakis","","69554e674d1ef930deb815b0","2025-12-31T16:25:11.201000","2026-01-02T23:31:15.607000","69549a260e8041a98ad0d0ed","jimdoukakis@gmail.com","false"
"2500 for tile labor for small home","2500","Πλακατζής / Tile labor","2025-09-13","Tile guy","[]","","69555e98d46caee42e803882","","true","jimdoukakis","","69554e674d1ef930deb815b1","2025-12-31T16:25:11.201000","2026-01-02T23:31:15.753000","69549a260e8041a98ad0d0ed","jimdoukakis@gmail.com","false"
"Tile for small house outside small house and toilets and bathroom","6125.82","ΑΚΡΟΝ Store","2025-09-12 12:00:00","ΑΚΡΟΝ","[]","","69555e98d46caee42e803882","","true","jimdoukakis","","69554e674d1ef930deb815b2","2025-12-31T16:25:11.201000","2026-01-02T23:31:15.921000","69549a260e8041a98ad0d0ed","jimdoukakis@gmail.com","false"
"Paid for electrical outlets and added extra little extra money. Original cost was 1616.46","2000","Ηλεκτρολογικό / Electrical Supply","2025-09-12","ΣΕΗΧ","[]","","69555e98d46caee42e803882","","true","jimdoukakis","","69554e674d1ef930deb815b3","2025-12-31T16:25:11.201000","2026-01-02T23:31:16.067000","69549a260e8041a98ad0d0ed","jimdoukakis@gmail.com","false"
"Βόθρο για το μικρό σπίτι","1060","Υδραυλικα / Plumbing Supply","2025-09-12","Βόθρος","[]","","69555e98d46caee42e803882","","true","jimdoukakis","","69554e674d1ef930deb815b4","2025-12-31T16:25:11.201000","2026-01-02T23:31:16.301000","69549a260e8041a98ad0d0ed","jimdoukakis@gmail.com","false"
"Outside concrete and steps for smaller home. Plus electrical panel","4775","Μπετά Εργάτες / Concrete Labor","2025-09-07","Μανώλης Μπουζουνιερακης","[]","","69555e98d46caee42e803882","jimdoukakis@gmail.com","true","jimdoukakis","jimdoukakis","69554e674d1ef930deb815b5","2025-12-31T16:25:11.201000","2026-01-04T03:02:31.446000","69549a260e8041a98ad0d0ed","jimdoukakis@gmail.com","false"
"Steel guy for outside and pole for electrical","440","Σιδερας / Metal Work","2025-08-31","Steel guy","[]","","69555e98d46caee42e803882","jimdoukakis@gmail.com","true","jimdoukakis","jimdoukakis","69554e674d1ef930deb815b6","2025-12-31T16:25:11.201000","2026-01-04T03:03:54.548000","69549a260e8041a98ad0d0ed","jimdoukakis@gmail.com","false"
"Electrician work. Small house","2000","Ηλεκτρολόγος / Electrician","2025-08-31","Electrician","[]","","69555e98d46caee42e803882","","true","jimdoukakis","","69554e674d1ef930deb815b7","2025-12-31T16:25:11.201000","2026-01-02T23:31:17.715000","69549a260e8041a98ad0d0ed","jimdoukakis@gmail.com","false"
"Dirt work for small house","1220","Χωματουργικά / Dirt Work","2025-08-02","Γιώργος Λητινάκης","[]","","69555e98d46caee42e803882","","true","jimdoukakis","","69554e674d1ef930deb815b8","2025-12-31T16:25:11.201000","2026-01-02T23:31:18.465000","69549a260e8041a98ad0d0ed","jimdoukakis@gmail.com","false"
"Painter for drywall finishing and ceiling finishing in small house","2000","Μπογιατζής / Painter","2025-07-25","Μπογιατζής","[]","","69555e98d46caee42e803882","jimdoukakis@gmail.com","true","jimdoukakis","jimdoukakis","69554e674d1ef930deb815b9","2025-12-31T16:25:11.201000","2026-01-04T01:05:39.675000","69549a260e8041a98ad0d0ed","jimdoukakis@gmail.com","false"
"Μανιαδάκης προκαταβολή ξυλουργικά","11200","Ξυλουργικά Wood work","2025-07-22","Μανιαδάκης ξυλουργικά","[]","","69555e98d46caee42e803882","","true","jimdoukakis","","69554e674d1ef930deb815ba","2025-12-31T16:25:11.201000","2026-01-02T23:31:18.737000","69549a260e8041a98ad0d0ed","jimdoukakis@gmail.com","false"
"Various supplies and steel","10068","Τουρνάς / Building Supply","2025-07-07","Τουρνάς","[]","","69555e98d46caee42e803882","","true","jimdoukakis","","69554e674d1ef930deb815bb","2025-12-31T16:25:11.201000","2026-01-02T23:31:18.883000","69549a260e8041a98ad0d0ed","jimdoukakis@gmail.com","false"
"Concrete","4242.4","Εργομπετόν / Concrete Supply","2025-07-07","Εργομπετόν","[]","","69555e98d46caee42e803882","","true","jimdoukakis","","69554e674d1ef930deb815bc","2025-12-31T16:25:11.201000","2026-01-02T23:31:19.017000","69549a260e8041a98ad0d0ed","jimdoukakis@gmail.com","false"
"Black for tournas steel","1000","Τουρνάς / Building Supply","2025-07-07","Tournas","[]","Cash","69555e98d46caee42e803882","","true","jimdoukakis","","69554e674d1ef930deb815bd","2025-12-31T16:25:11.201000","2026-01-02T23:31:19.157000","69549a260e8041a98ad0d0ed","jimdoukakis@gmail.com","false"
"Air conditioning pipes small house","1295.8","Κλιματιστικά / Air-Conditioning","2025-07-07","SkoubAir","[]","Cash","69555e98d46caee42e803882","","true","jimdoukakis","","69554e674d1ef930deb815be","2025-12-31T16:25:11.201000","2026-01-02T23:31:19.283000","69549a260e8041a98ad0d0ed","jimdoukakis@gmail.com","false"
"Sheetrock guy kosta cash","1500","Γυψοσανίδες / Sheetrock","2025-07-07","Λουράκης Κώστας","[]","","69555e98d46caee42e803882","","true","jimdoukakis","","69554e674d1ef930deb815bf","2025-12-31T16:25:11.201000","2026-01-02T23:31:19.453000","69549a260e8041a98ad0d0ed","jimdoukakis@gmail.com","false"
"Tile and bath stuff for small house","5545","ΑΚΡΟΝ Store","2025-06-29 12:00:00","ΑΚΡΟΝ","[]","","69555e98d46caee42e803882","","true","jimdoukakis","","69554e674d1ef930deb815c0","2025-12-31T16:25:11.201000","2026-01-02T23:31:19.665000","69549a260e8041a98ad0d0ed","jimdoukakis@gmail.com","false"
"2775 for framing outside $480 for dirt work and $80 for water","3335","Μπετά Εργάτες / Concrete Labor","2025-06-26","Μανώλης Μπουζούριενάκης","[]","","69555e98d46caee42e803882","jimdoukakis@gmail.com","true","jimdoukakis","jimdoukakis","69554e674d1ef930deb815c1","2025-12-31T16:25:11.201000","2026-01-04T03:02:43.413000","69549a260e8041a98ad0d0ed","jimdoukakis@gmail.com","false"
"Concrete","1771.96","Εργομπετόν / Concrete Supply","2025-06-16","Εργομπετόν","[]","","69555e98d46caee42e803882","","true","jimdoukakis","","69554e674d1ef930deb815c2","2025-12-31T16:25:11.201000","2026-01-02T23:31:19.941000","69549a260e8041a98ad0d0ed","jimdoukakis@gmail.com","false"
"Σίδερα για αυλή","420","Σιδερας / Metal Work","2025-06-15","Σιδεράς","[]","","69555e98d46caee42e803882","jimdoukakis@gmail.com","true","jimdoukakis","jimdoukakis","69554e674d1ef930deb815c3","2025-12-31T16:25:11.201000","2026-01-04T03:04:05.934000","69549a260e8041a98ad0d0ed","jimdoukakis@gmail.com","false"
"Γυψοσανίδες μικρό σπίτι","1500","Γυψοσανίδες / Sheetrock","2025-06-06","Λουράκης Κώστας","[]","","69555e98d46caee42e803882","","true","jimdoukakis","","69554e674d1ef930deb815c4","2025-12-31T16:25:11.201000","2026-01-02T23:31:20.263000","69549a260e8041a98ad0d0ed","jimdoukakis@gmail.com","false"
"Υδραυλικός μικρό σπίτι","2500","Υδραυλικός / Plumbers","2025-06-06","Υδραυλικός","[]","","69555e98d46caee42e803882","","true","jimdoukakis","","69554e674d1ef930deb815c5","2025-12-31T16:25:11.201000","2026-01-02T23:31:20.398000","69549a260e8041a98ad0d0ed","jimdoukakis@gmail.com","false"
"Ηλεκτρολόγο","2000","Ηλεκτρολόγος / Electrician","2025-06-06","Ηλεκτρολόγος","[]","","69555e98d46caee42e803882","","true","jimdoukakis","","69554e674d1ef930deb815c6","2025-12-31T16:25:11.201000","2026-01-02T23:31:20.529000","69549a260e8041a98ad0d0ed","jimdoukakis@gmail.com","false"
"Paid to install two poles for electricity to the property","2619.2","ΔΕΗ","2025-06-01 12:00:00","ΔΕΔΔΗΕ","[]","","69555e98d46caee42e803882","","true","jimdoukakis","","69554e674d1ef930deb815c7","2025-12-31T16:25:11.201000","2026-01-02T23:31:20.661000","69549a260e8041a98ad0d0ed","jimdoukakis@gmail.com","false"
"Metal stairs for small house Cash","1300","Σιδερας / Metal Work","2025-06-01","Σκάλα σιδεράς","[]","","69555e98d46caee42e803882","","true","jimdoukakis","","69554e674d1ef930deb815c8","2025-12-31T16:25:11.201000","2026-01-02T23:31:20.851000","69549a260e8041a98ad0d0ed","jimdoukakis@gmail.com","false"
"Προκαταβολή αλουμίνια Μαύρα","6000","Αλουμινια / Windows","2025-05-13","Σταματάκης Ευτύχιος","[]","","69555e98d46caee42e803882","","true","jimdoukakis","","69554e674d1ef930deb815c9","2025-12-31T16:25:11.201000","2026-01-02T23:31:20.981000","69549a260e8041a98ad0d0ed","jimdoukakis@gmail.com","false"
"10% commission first payment cash through card","3000","10% commission","2025-05-01","Μιχάλης παλιός","[]","1st payment ","69555e98d46caee42e803882","","true","jimdoukakis","","69554e674d1ef930deb815ca","2025-12-31T16:25:11.201000","2026-01-02T23:31:21.107000","69549a260e8041a98ad0d0ed","jimdoukakis@gmail.com","false"
"Εργάτες για τον Κώστα","1000","Γυψοσανίδες / Sheetrock","2025-04-17","Λουράκης Κώστας","[]","","69555e98d46caee42e803882","","true","jimdoukakis","","69554e674d1ef930deb815cb","2025-12-31T16:25:11.201000","2026-01-02T23:31:22.267000","69549a260e8041a98ad0d0ed","jimdoukakis@gmail.com","false"
"Υδραυλικά καζανάκια","570","Υδραυλικα / Plumbing Supply","2025-04-08","AKRON","[]","","69555e98d46caee42e803882","","true","jimdoukakis","","69554e674d1ef930deb815cc","2025-12-31T16:25:11.201000","2026-01-02T23:31:22.437000","69549a260e8041a98ad0d0ed","jimdoukakis@gmail.com","false"
"Final payment","1560.9","Χωματουργικά / Dirt Work","2025-04-01","Γιώργος Λητινάκης","[]","","69555e98d46caee42e803882","","true","jimdoukakis","","69554e674d1ef930deb815cd","2025-12-31T16:25:11.201000","2026-01-02T23:31:22.565000","69549a260e8041a98ad0d0ed","jimdoukakis@gmail.com","false"
"From revolute partial payments from 2240 paid 950","950","Χωματουργικά / Dirt Work","2025-03-19","Γιώργος Λητινάκης","[]","","69555e98d46caee42e803882","","true","jimdoukakis","","69554e674d1ef930deb815ce","2025-12-31T16:25:11.201000","2026-01-02T23:31:22.696000","69549a260e8041a98ad0d0ed","jimdoukakis@gmail.com","false"
"Πληρωμές εργάτες γυψοσανίδες transfer to card Λουράκης Κώστας","1000","Γυψοσανίδες / Sheetrock","2025-03-15","Λουράκης Κώστας","[]","","69555e98d46caee42e803882","","true","jimdoukakis","","69554e674d1ef930deb815cf","2025-12-31T16:25:11.201000","2026-01-02T23:31:22.831000","69549a260e8041a98ad0d0ed","jimdoukakis@gmail.com","false"
"ΕΞΟΦΛΗΣΗ ΕΩΣ 4-3-25","10076.74","Τουρνάς / Building Supply","2025-03-12","Τουρνάς","[]","Paid on chase visa","69555e98d46caee42e803882","","true","jimdoukakis","","69554e674d1ef930deb815d0","2025-12-31T16:25:11.201000","2026-01-02T23:31:22.964000","69549a260e8041a98ad0d0ed","jimdoukakis@gmail.com","false"
"Μόνωσή της πισίνας","820","Πισίνα / pool","2025-03-12","Transfer to card","[]","Cash to card","69555e98d46caee42e803882","","true","jimdoukakis","","69554e674d1ef930deb815d1","2025-12-31T16:25:11.201000","2026-01-02T23:31:25.049000","69549a260e8041a98ad0d0ed","jimdoukakis@gmail.com","false"
"ΕΞΟΦΛΗΣΗ ΕΩΣ 3-2-25","7715.28","Εργομπετόν / Concrete Supply","2025-03-12","Εργομπετόν","[]","","69555e98d46caee42e803882","","true","jimdoukakis","","69554e674d1ef930deb815d2","2025-12-31T16:25:11.201000","2026-01-02T23:31:25.233000","69549a260e8041a98ad0d0ed","jimdoukakis@gmail.com","false"
"Pool plumbing","1331","Πισίνα / pool","2025-03-12","Νικηφοράκης","[]","","69555e98d46caee42e803882","","true","jimdoukakis","","69554e674d1ef930deb815d3","2025-12-31T16:25:11.201000","2026-01-02T23:31:26.895000","69549a260e8041a98ad0d0ed","jimdoukakis@gmail.com","false"